<?xml version="1.0" encoding="UTF-8"?>
<data>
  <!-- Metadata -->
  <metadata>
   <element>
      <key>Declaración jurada de ingresos de </key>
 	 <value>FRANCISCA JOSEFINA BERROCAL WHILHEMM</value>
   </element>
   <element>
      <key>Destino del Objeto: </key>
 	 <value>Repositorio de documentos Banco General</value>
   </element>
   <element>
      <key>Fecha de adquisición: </key>
 	 <value>03-ago-2019</value>
   </element>
   <element>
      <key>Número de identificación: </key>
 	 <value>8-189-5643</value>
   </element>
   <element>
      <key>Sucursal loggeado: </key>
 	 <value>ALBROOK</value>
   </element>
   <element>
      <key>Usuario loggeado: </key>
 	 <value>BUDDY CHEUNG</value>
   </element>
  </metadata>
   
  <!-- Porcesado por -->
  <today>12-oct-2019</today>
  <saleId>2187</saleId>

  <!-- Información de el o los clientes -->
  <today>16-oct-2019</today>

  <participants>
    <element>
      <entityId>123456789</entityId>
      <documentNumber>8-189-5643</documentNumber>
      <customerRol>(T)</customerRol>
      <completeName>FRANCISCA JOSEFINA BERROCAL WHILHEMM</completeName>
    </element>
    <element>
      <entityId>987456232</entityId>
      <documentNumber>7-503-8001</documentNumber>
      <customerRol>(T)</customerRol>
      <completeName>ERMENEGILDA ARNULFA SOCUELLAMOS DE MINAYA</completeName>
    </element>
    <element>
      <entityId>987456232</entityId>
      <documentNumber>6-112-0321</documentNumber>
      <customerRol>(T)</customerRol>
      <completeName>ITZAINA FERNANDA ANANDAGURU SWATZH</completeName>
    </element>
    <element>
      <entityId>987456232</entityId>
      <documentNumber>10-203-6320</documentNumber>
      <customerRol>(T)</customerRol>
      <completeName>YOLIANA GALAXIA MITCHELL SUNDERS</completeName>
    </element>
    <element>
      <entityId>987456232</entityId>
      <documentNumber>4-851-8001</documentNumber>
      <customerRol>(T)</customerRol>
      <completeName>JONNATHANN MICHAEL FONG LEE</completeName>
    </element>
    <element>
      <entityId>987456232</entityId>
      <documentNumber>3-033-8954</documentNumber>
      <customerRol>(F)</customerRol>
      <completeName>ANTONIO CORVAS</completeName>
    </element>
  </participants>

  <!--  Bandera de menor de edad -->

  <underage>true</underage>

  <!-- Detalles del producto -->

  <accountNumber>12-12-12-123456-7</accountNumber>
  <patent></patent>
  <product>CUENTA CORRIENTE ESENCIAL</product>
  <purpose>COBRO DE MENSUALIDAD DE CREDITO</purpose>
  <ownership>INDISTINTA (O)</ownership>
  <originFundsLocal>S</originFundsLocal>
  <expirationDate>10-oct-2020</expirationDate>
  <interestRate>3.50</interestRate>

  <!--Deposito inicial -->

  <depositType>TRANSFERENCIA ENTRE CUENTAS BG</depositType>
  <depositAmount>$1,200.00</depositAmount>
  <originFunds>-</originFunds>

  <!-- Chequera  -->
  <checkbookType>CORTE SUPERIOR SENCILLO CON COPIA</checkbookType>
  <checkbookQuantity>2</checkbookQuantity>
  <deliveryBranch>ALBROOK</deliveryBranch>
  <checkbookPersonalizedText1>FRANCISCA JOSEFINA BERROCAL WHILHEMM</checkbookPersonalizedText1>
  <checkbookPersonalizedText2></checkbookPersonalizedText2>
  <checkbookPersonalizedText3></checkbookPersonalizedText3>

  <relatedProducts>
    <element>
      <documentNumber>8-189-5643</documentNumber>
      <bel>true</bel>
      <cardName>FRANCISCA BERROCAL</cardName>
      <visaCard>458-5698-4561-2356</visaCard>
      <claveCard>5698963152412</claveCard>
      <cardType></cardType>
    </element>

    <element>
      <documentNumber>8-189-5643</documentNumber>
      <bel>false</bel>
      <cardName>FRANCISCA BERROCAL</cardName>
      <visaCard>458-5698-4561-2356</visaCard>
      <claveCard>5698963152412</claveCard>
      <cardType></cardType>
    </element>

  </relatedProducts>

  <signatures>
    <element>PEDRO PICAPIEDRA (8-9-8)</element>
    <element>PEDRO PICAPIEDRA (8-9-8)</element>
    <element>PEDRO PICAPIEDRA (8-9-8)</element>
    <element>PEDRO PICAPIEDRA (8-9-8)</element>
    <element>PEDRO PICAPIEDRA (8-9-8)</element>
    <element>PEDRO PICAPIEDRA (8-9-8)</element>
  </signatures> 

  <userName>Andrés Deenok</userName>
  <userId>10481</userId>

</data>
