<?xml version="1.0" encoding="UTF-8"?>
<data>
   <birthCountry />
   <birthDate>07/02/84</birthDate>
   <cellPhoneNumber>9876543213</cellPhoneNumber>
   <civilStatus>SOLTERO</civilStatus>
   <completeName>JAVIER JOSE LLINARES CARRILLO</completeName>
   <date>03/08/18</date>
   <documentNumber>E-169-5161</documentNumber>
   <economicActivity null="true" />
   <educationLevel>UNIVERSITARIA</educationLevel>
   <email>false@falso.sad</email>
   <entityId>1357011</entityId>
   <fiscalResidences null="true" />
   <gender>MASCULINO</gender>
   <jobPosition null="true" />
   <jobTitle>ABOGADO</jobTitle>
   <location null="true" />
   <monthlyMaxDeposits null="true" />
   <nationality>VENEZOLANA</nationality>
   <nearToPep null="true" />
   <metadata>
	  <element>
       <key>Declaración jurada de ingresos de </key>
		 <value>JAVIER JOSE LLINARES CARRILLO</value>
	  </element>
	  <element>
       <key>Destino del Objeto: </key>
		 <value>Repositorio de documentos Banco General</value>
	  </element>
	  <element>
       <key>Fecha de adquisición: </key>
		 <value>03-ago-2019</value>
	  </element>
	  <element>
       <key>Número de identificación: </key>
		 <value>E-169-5161</value>
	  </element>
	  <element>
       <key>Sucursal loggeado: </key>
		 <value>ALBROOK</value>
	  </element>
	  <element>
       <key>Usuario loggeado: </key>
		 <value>BUDDY CHEUNG</value>
	  </element>
   </metadata>
   <observations null="true" />
   <officeAddress>PROV. PANAMA OESTE, DIS. SAN CARLOS, SAN CARLOS, SAN CARLOS (CABECERA), CENTRO GENERAL</officeAddress>
   <officeMail />
   <officePhoneNumber>44442018</officePhoneNumber>
   <otherIncomes>$ 0.00</otherIncomes>
   <otherRecurringIncomes null="true" />
   <pep null="true" />
   <pepFinalizationDate null="true" />
   <pepInChargeCurrently null="true" />
   <pepInstitution null="true" />
   <pepName null="true" />
   <pepPosition null="true" />
   <pepRelatedFinalizationDate null="true" />
   <pepRelatedInChargeCurrently null="true" />
   <pepRelatedInstitution null="true" />
   <pepRelatedPosition null="true" />
   <profession>ARTESANO</profession>
   <refInfoList>
      <element>
         <refAddress>FSADFASFDASDF</refAddress>
         <refName>ASDFASDF ASDFASDF</refName>
         <refPhone>523452345       </refPhone>
         <refRelationship>PERSONA DE CONFIANZA</refRelationship>
      </element>
      <element>
         <refAddress>AKJSDBFKASNDF</refAddress>
         <refName>ASDFASDF SDFAJSDFAS</refName>
         <refPhone>4213412         </refPhone>
         <refRelationship>ABUELO</refRelationship>
      </element>
   </refInfoList>
   <relationshipWithPep null="true" />
   <residentialAddress>PROV. BOCAS DEL TORO, DIS. CHANGUINOLA, EL EMPALME, BALAS PIT, CALLE SAN JORGE, SAN JUAN</residentialAddress>
   <residentialPhoneNumber>1234-5678</residentialPhoneNumber>
   <startDate>02/02/12</startDate>
   <totalSalary>$1,200.00</totalSalary>
   <usaCitizen null="true" />
   <userName>BUDDY CHEUNG</userName>
   <userNumber>10287</userNumber>
   <workplace>MINISTERIO DE GOBIERNO Y JUSTICIA</workplace>
   <zipCode />
</data>